date,close,change,volume,open,high,low
2017-02-27,37.00,0.00 (0.00 %),50,37.0,37.00,37.00
2017-02-28,35.00,-2.00 (-5.41 %),100,35.00,35.00,35.00
2017-03-01,35.00,0.00 (0.00 %),1100,35.0,35.00,35.00
2017-03-02,35.00,0.00 (0.00 %),0,35.00,35.00,35.00
2017-03-03,35.00,0.00 (0.00 %),0,35.0,35.00,35.00
2017-03-06,35.00,0.00 (0.00 %),21500,35.00,35.10,35.00
2017-03-07,35.00,0.00 (0.00 %),0,35.0,35.00,35.00
2017-03-08,33.90,-1.10 (-3.14 %),7300,35.00,35.00,33.90
2017-03-09,34.90,0.90 (2.65 %),3000,34.0,34.90,34.00
2017-03-10,34.60,0.00 (0.00 %),0,34.60,34.60,34.60
2017-03-13,39.00,4.40 (12.72 %),1900,38.9,39.70,38.90
2017-03-14,34.00,-5.30 (-13.49 %),7350,33.50,34.00,33.50
2017-03-15,33.50,0.00 (0.00 %),0,33.5,33.50,33.50
2017-03-16,33.50,0.00 (0.00 %),0,33.50,33.50,33.50
2017-03-17,36.00,2.50 (7.46 %),8400,38.5,38.50,36.00
2017-03-20,34.50,-3.60 (-9.45 %),2000,34.50,34.50,34.50
2017-03-21,34.00,-0.50 (-1.45 %),200,34.0,34.00,34.00
2017-03-22,34.00,0.00 (0.00 %),0,34.00,34.00,34.00
2017-03-23,34.00,0.00 (0.00 %),0,34.0,34.00,34.00
2017-03-24,34.00,0.00 (0.00 %),0,34.00,34.00,34.00
2017-03-27,34.00,0.00 (0.00 %),10,34.0,34.00,34.00
2017-03-28,34.50,0.50 (1.47 %),500,34.50,34.50,34.50
2017-03-29,34.50,0.00 (0.00 %),200,34.5,34.50,34.50
2017-03-30,33.10,-1.40 (-4.06 %),1000,33.20,33.20,33.10
2017-03-31,33.20,0.00 (0.00 %),500,33.3,33.30,33.20
2017-04-03,34.00,0.70 (2.10 %),1100,34.00,34.00,34.00
2017-04-04,33.40,-0.60 (-1.76 %),1000,33.5,33.50,33.40
2017-04-05,33.50,0.00 (0.00 %),0,33.50,33.50,33.50
2017-04-07,34.00,0.50 (1.49 %),1900,34.1,34.10,34.00
2017-04-10,34.00,0.00 (0.00 %),10,34.00,34.00,34.00
2017-04-11,33.10,-0.90 (-2.65 %),2000,34.0,34.00,33.10
2017-04-12,33.70,0.00 (0.00 %),0,33.70,33.70,33.70
2017-04-13,33.70,0.00 (0.00 %),0,33.7,33.70,33.70
2017-04-14,33.70,0.00 (0.00 %),0,33.70,33.70,33.70
2017-04-17,31.00,-2.70 (-8.01 %),700,33.2,33.20,31.00
2017-04-18,32.80,0.00 (0.00 %),0,32.80,32.80,32.80
2017-04-19,33.00,0.20 (0.61 %),3200,32.2,33.00,32.00
2017-04-20,32.00,-0.40 (-1.23 %),1500,32.20,32.20,32.00
2017-04-21,32.10,0.00 (0.00 %),0,32.1,32.10,32.10
2017-04-24,30.00,-2.10 (-6.54 %),2010,30.20,30.20,30.00
2017-04-25,30.00,-0.10 (-0.33 %),4000,30.0,30.00,30.00
2017-04-26,30.00,0.00 (0.00 %),0,30.00,30.00,30.00
2017-04-27,30.00,0.00 (0.00 %),0,30.0,30.00,30.00
2017-04-28,26.10,-3.90 (-13.00 %),7500,25.50,26.10,25.50
2017-05-03,29.90,3.90 (15.00 %),3800,26.7,29.90,26.70
2017-05-04,31.80,2.00 (6.71 %),100,31.80,31.80,31.80
2017-05-05,31.60,-0.20 (-0.63 %),1100,30.0,31.60,30.00
2017-05-08,31.00,0.90 (2.99 %),100,31.00,31.00,31.00
2017-05-09,32.80,1.80 (5.81 %),100,32.8,32.80,32.80
2017-05-10,36.80,4.00 (12.20 %),1200,30.00,36.80,30.00
2017-05-11,32.80,0.00 (0.00 %),0,32.8,32.80,32.80
2017-05-12,30.10,-2.70 (-8.23 %),400,30.10,30.10,30.10
2017-05-15,30.00,-0.10 (-0.33 %),2000,30.0,30.00,30.00
2017-05-16,30.00,0.00 (0.00 %),0,30.00,30.00,30.00
2017-05-17,30.50,0.50 (1.67 %),100,30.5,30.50,30.50
2017-05-18,30.50,0.00 (0.00 %),0,30.50,30.50,30.50
2017-05-19,34.80,4.30 (14.10 %),100,34.8,34.80,34.80
2017-05-22,34.80,0.00 (0.00 %),0,34.80,34.80,34.80
2017-05-23,34.80,0.00 (0.00 %),0,34.8,34.80,34.80
2017-05-24,34.80,0.00 (0.00 %),0,34.80,34.80,34.80
2017-05-25,33.60,-1.20 (-3.45 %),1500,33.5,33.60,33.50
2017-05-26,33.60,0.00 (0.00 %),0,33.60,33.60,33.60
2017-05-29,33.60,0.00 (0.00 %),0,33.6,33.60,33.60
2017-05-30,33.60,0.00 (0.00 %),0,33.60,33.60,33.60
2017-05-31,33.20,-0.40 (-1.19 %),900,33.4,33.50,33.20
2017-06-01,33.40,0.00 (0.00 %),0,33.40,33.40,33.40
2017-06-02,33.40,0.00 (0.00 %),0,33.4,33.40,33.40
2017-06-05,33.40,0.00 (0.00 %),0,33.40,33.40,33.40
2017-06-06,34.50,1.10 (3.29 %),300,34.5,34.50,34.50
2017-06-07,34.50,0.00 (0.00 %),0,34.50,34.50,34.50
2017-06-08,38.50,4.00 (11.59 %),100,38.5,38.50,38.50
2017-06-09,40.00,1.50 (3.90 %),100,40.00,40.00,40.00
2017-06-12,40.00,0.00 (0.00 %),0,40.0,40.00,40.00
2017-06-13,40.00,0.00 (0.00 %),0,40.00,40.00,40.00
2017-06-14,40.00,0.00 (0.00 %),0,40.0,40.00,40.00
2017-06-16,40.00,0.00 (0.00 %),0,40.00,40.00,40.00
2017-06-19,40.00,0.00 (0.00 %),0,40.0,40.00,40.00
2017-06-20,40.00,0.00 (0.00 %),0,40.00,40.00,40.00
2017-06-21,40.00,0.00 (0.00 %),0,40.0,40.00,40.00
2017-06-22,41.00,1.00 (2.50 %),27000,40.00,45.00,35.00
2017-06-23,42.00,1.90 (4.74 %),9700,43.5,46.10,40.10
2017-06-26,45.90,4.20 (10.07 %),47640,41.00,46.00,41.00
2017-06-27,49.50,6.40 (14.85 %),137950,46.0,49.50,45.50
2017-06-28,54.60,5.90 (12.11 %),149320,56.00,56.00,49.50
2017-06-29,51.00,-2.30 (-4.32 %),83000,53.3,55.00,50.00
2017-06-30,49.70,-1.50 (-2.93 %),95100,51.50,51.50,47.00
2017-07-03,50.30,0.80 (1.62 %),118110,50.0,52.00,49.40
2017-07-04,49.20,-1.10 (-2.19 %),81500,50.50,51.00,48.70
2017-07-05,49.80,0.50 (1.01 %),67006,49.2,49.80,48.80
2017-07-06,48.70,-0.60 (-1.22 %),130007,49.90,49.90,48.30
2017-07-07,47.50,-1.50 (-3.06 %),56914,49.1,49.10,47.00
2017-07-10,46.00,-2.00 (-4.17 %),44800,47.90,47.90,45.90
2017-07-11,45.30,-1.00 (-2.16 %),180140,47.0,47.00,44.00
2017-07-12,25.00,-0.20 (-0.79 %),34740,21.50,27.00,21.50
2017-07-13,21.70,-3.10 (-12.50 %),77790,24.0,24.00,21.40
2017-07-14,19.90,-2.00 (-9.13 %),65440,21.00,21.00,19.50
2017-07-17,19.40,-0.60 (-3.00 %),21650,19.0,20.00,19.00
2017-07-18,18.50,-1.00 (-5.13 %),38417,19.40,19.40,18.20
2017-07-19,19.00,0.40 (2.15 %),7700,18.1,19.00,18.00
2017-07-20,19.50,0.90 (4.84 %),9411,18.80,20.90,18.70
2017-07-21,19.50,-0.10 (-0.51 %),8249,19.5,20.00,19.00
2017-07-24,20.90,1.40 (7.18 %),162600,20.00,22.40,20.00
2017-07-25,23.50,2.20 (10.33 %),208507,23.2,24.00,21.50
2017-07-26,22.30,-0.50 (-2.19 %),159601,23.00,23.00,21.90
2017-07-27,23.50,1.30 (5.86 %),107460,22.2,23.60,21.90
2017-07-28,24.60,2.00 (8.85 %),86330,22.60,25.20,22.60
2017-07-31,23.10,-1.50 (-6.10 %),71713,24.5,24.50,22.70
2017-08-01,23.00,-0.10 (-0.43 %),46300,23.00,23.10,22.80
2017-08-02,22.40,-0.60 (-2.61 %),58624,22.8,23.00,22.10
2017-08-03,20.50,-2.00 (-8.89 %),83400,22.00,22.50,20.50
2017-08-04,20.00,-1.30 (-6.10 %),80587,21.3,21.30,19.90
2017-08-07,19.00,-1.10 (-5.47 %),92900,20.30,20.30,19.00
2017-08-08,18.90,-0.60 (-3.08 %),75310,19.5,20.00,18.80
2017-08-09,19.00,-0.10 (-0.52 %),93800,19.50,19.90,19.00
2017-08-10,19.00,-0.10 (-0.52 %),74228,19.1,19.10,18.60
2017-08-11,18.50,-0.50 (-2.63 %),36510,19.20,19.20,18.50
2017-08-14,17.80,-0.90 (-4.81 %),78700,18.5,18.50,17.80
2017-08-15,17.70,-0.30 (-1.67 %),63401,18.00,18.00,17.30
2017-08-16,16.90,-0.70 (-3.98 %),135907,17.4,17.50,16.50
2017-08-17,16.80,-0.30 (-1.75 %),70880,17.10,17.90,16.80
2017-08-18,16.50,-0.50 (-2.94 %),43300,16.9,16.90,16.30
2017-08-21,17.00,0.50 (3.03 %),156910,16.80,17.20,16.50
2017-08-22,17.10,0.10 (0.59 %),78300,17.2,17.50,17.00
2017-08-23,17.50,0.40 (2.34 %),22800,17.10,17.50,16.90
2017-08-24,17.80,0.80 (4.71 %),65500,17.1,18.00,17.00
2017-08-25,20.10,2.60 (14.86 %),297590,17.70,20.10,17.60
2017-08-28,21.10,1.20 (6.03 %),140383,20.2,21.80,20.20
2017-08-29,20.00,-1.10 (-5.21 %),91600,21.20,21.30,19.80
2017-08-30,19.20,-1.40 (-6.80 %),67335,20.0,20.00,18.00
2017-08-31,19.20,0.00 (0.00 %),22365,20.00,20.00,18.60
2017-09-01,19.40,0.50 (2.65 %),38525,18.8,19.80,18.60
2017-09-05,19.20,0.00 (0.00 %),73035,19.40,19.70,18.90
2017-09-06,19.10,0.00 (0.00 %),51085,19.2,19.20,18.50
2017-09-07,19.00,0.10 (0.53 %),36260,19.20,19.20,18.90
2017-09-08,19.10,0.20 (1.06 %),43000,19.0,19.20,18.80
2017-09-12,18.60,-0.20 (-1.06 %),15800,18.90,18.90,18.50
2017-09-13,18.70,0.10 (0.54 %),19120,18.5,18.70,18.40
2017-09-14,19.20,0.70 (3.78 %),38700,18.70,19.50,18.60
2017-09-15,19.00,-0.20 (-1.04 %),13400,19.6,19.60,19.00
2017-09-18,18.90,-0.20 (-1.05 %),11900,18.80,19.00,18.80
2017-09-19,18.90,0.00 (0.00 %),17400,18.9,18.90,18.60
2017-09-20,18.80,0.10 (0.53 %),39800,18.90,19.00,18.60
2017-09-21,18.60,-0.10 (-0.53 %),12300,18.9,18.90,18.60
2017-09-22,18.50,-0.20 (-1.07 %),16200,18.80,18.80,18.40
2017-09-25,18.30,-0.30 (-1.61 %),15800,18.6,18.60,18.30
2017-09-26,18.10,-0.30 (-1.63 %),42143,18.20,18.40,17.50
2017-09-27,18.10,-0.10 (-0.55 %),9900,18.3,18.30,18.00
2017-09-28,18.10,0.00 (0.00 %),9350,18.20,18.20,18.00
2017-09-29,17.90,-0.10 (-0.56 %),10000,18.0,18.20,17.90
2017-10-02,17.50,-0.50 (-2.78 %),13700,18.00,18.10,17.50
2017-10-03,17.80,-0.10 (-0.56 %),14300,17.1,17.90,17.10
2017-10-04,17.90,0.30 (1.70 %),7520,17.70,18.00,17.60
2017-10-05,17.50,-0.40 (-2.23 %),11500,17.9,17.90,17.50
2017-10-06,17.90,0.30 (1.70 %),1600,17.90,18.00,17.70
2017-10-09,17.80,-0.10 (-0.56 %),11100,17.8,17.80,17.70
2017-10-10,17.50,-0.30 (-1.69 %),10910,17.90,17.90,17.50
2017-10-11,17.30,-0.30 (-1.70 %),22200,17.6,17.60,17.30
2017-10-12,17.70,0.20 (1.14 %),26200,17.30,17.90,17.00
2017-10-13,17.60,0.10 (0.57 %),10800,17.9,17.90,17.50
2017-10-16,17.60,-0.10 (-0.56 %),11700,17.70,17.70,17.60
2017-10-17,17.40,-0.20 (-1.14 %),10000,17.6,17.60,17.40
2017-10-18,17.30,-0.20 (-1.14 %),9400,17.40,17.40,17.30
2017-10-19,17.30,-0.10 (-0.57 %),31600,17.4,17.40,17.10
2017-10-20,17.20,-0.10 (-0.58 %),8700,17.30,17.50,17.20
2017-10-23,17.00,-0.30 (-1.73 %),43310,17.2,17.70,17.00
2017-10-24,16.80,-0.30 (-1.75 %),29920,16.60,16.90,16.60
2017-10-25,17.00,0.20 (1.19 %),13100,16.6,17.00,16.60
2017-10-26,16.50,-0.40 (-2.37 %),8900,17.00,17.00,16.50
2017-10-27,16.50,-0.10 (-0.60 %),11500,16.6,16.60,16.40
2017-10-30,16.40,-0.10 (-0.61 %),1800,16.60,16.60,16.40
2017-10-31,15.70,-0.80 (-4.85 %),8000,16.1,16.10,14.80
2017-11-01,15.50,-0.40 (-2.52 %),10000,15.80,16.00,15.30
2017-11-02,15.50,-0.20 (-1.27 %),9640,15.4,16.00,15.00
2017-11-03,15.20,-0.20 (-1.30 %),6800,15.40,15.40,15.00
2017-11-06,15.60,0.40 (2.63 %),26000,15.2,15.60,15.20
2017-11-07,15.90,0.60 (3.92 %),1500,15.80,15.90,15.60
2017-11-08,16.00,0.30 (1.91 %),2700,15.8,16.00,15.70
2017-11-09,16.90,1.10 (6.96 %),17800,16.10,17.00,16.10
2017-11-10,17.10,0.50 (3.01 %),19580,17.0,17.40,16.70
2017-11-13,16.40,-0.80 (-4.65 %),32000,17.00,17.30,16.40
2017-11-14,16.00,-1.10 (-6.43 %),5800,15.8,16.80,15.70
2017-11-15,16.50,0.60 (3.77 %),1840,16.10,16.50,16.10
2017-11-16,15.90,-0.50 (-3.05 %),13910,16.1,16.30,15.90
2017-11-17,16.10,0.10 (0.63 %),2420,15.80,16.20,15.80
2017-11-20,16.30,0.20 (1.24 %),9300,16.0,16.30,15.80
2017-11-21,15.80,-0.30 (-1.86 %),17566,16.40,16.40,15.80
2017-11-22,15.90,0.00 (0.00 %),6000,15.9,16.00,15.70
2017-11-23,15.70,-0.20 (-1.26 %),4600,16.00,16.00,15.70
2017-11-24,15.80,0.00 (0.00 %),7600,15.8,15.80,15.70
2017-11-27,15.90,0.10 (0.63 %),5650,16.00,16.00,15.80
2017-11-28,15.70,-0.20 (-1.26 %),15311,16.0,16.10,15.70
2017-11-29,15.80,-0.10 (-0.63 %),10531,15.70,16.10,15.70
2017-11-30,15.90,0.20 (1.27 %),8600,15.8,15.90,15.20
2017-12-01,16.10,0.60 (3.87 %),26900,15.80,16.10,15.80
2017-12-04,15.90,-0.10 (-0.62 %),8721,16.0,16.50,15.90
2017-12-05,16.00,0.00 (0.00 %),10800,15.90,16.00,15.80
2017-12-06,16.00,0.00 (0.00 %),17014,16.0,16.20,16.00
2017-12-07,15.70,-0.30 (-1.88 %),9119,16.00,16.00,15.70
2017-12-08,15.70,-0.10 (-0.63 %),6400,15.6,15.70,15.60
2017-12-11,15.40,-0.20 (-1.28 %),6400,15.60,15.70,15.40
2017-12-12,15.40,-0.10 (-0.65 %),7550,15.3,15.50,15.30
2017-12-13,15.40,0.00 (0.00 %),17020,15.40,15.40,14.10
2017-12-14,15.20,0.50 (3.40 %),10700,15.4,15.50,14.60
2017-12-15,15.50,0.40 (2.65 %),6100,15.10,15.60,15.10
2017-12-18,15.40,0.10 (0.65 %),8300,15.5,15.50,15.00
2017-12-19,15.10,0.00 (0.00 %),5600,15.70,15.80,15.10
2017-12-20,15.50,0.30 (1.97 %),26300,15.0,15.50,15.00
2017-12-21,15.00,-0.10 (-0.66 %),13700,15.00,15.10,15.00
2017-12-22,15.00,0.00 (0.00 %),20300,15.1,15.10,14.80
2017-12-25,15.00,0.10 (0.67 %),11302,15.00,15.30,14.90
2017-12-26,15.10,0.10 (0.67 %),11700,15.3,15.30,15.00
2017-12-27,15.00,-0.20 (-1.32 %),2210,15.20,15.20,15.00
2017-12-28,14.90,-0.30 (-1.97 %),12240,15.2,15.30,14.90
2017-12-29,14.80,-0.20 (-1.33 %),1900,15.00,15.00,14.80
2018-01-02,14.80,-0.20 (-1.33 %),2600,15.2,15.20,14.80
2018-01-03,14.60,-0.40 (-2.67 %),18600,14.90,14.90,14.50
2018-01-04,14.60,0.00 (0.00 %),19410,14.6,14.70,14.50
2018-01-05,14.50,-0.10 (-0.68 %),7900,14.70,14.70,14.50
2018-01-08,14.60,0.00 (0.00 %),23630,14.6,14.80,14.60
2018-01-09,14.80,0.10 (0.68 %),7400,14.70,14.90,14.70
2018-01-10,15.00,0.20 (1.35 %),25950,14.8,15.30,14.80
2018-01-11,14.90,0.00 (0.00 %),14200,14.80,15.20,14.80
2018-01-12,14.70,-0.30 (-2.00 %),3500,15.0,15.00,14.70
2018-01-15,15.20,0.40 (2.70 %),20600,15.00,15.20,15.00
2018-01-16,15.30,0.10 (0.66 %),13934,15.2,15.70,15.00
2018-01-17,15.10,0.00 (0.00 %),11100,15.30,15.30,15.10
2018-01-18,15.10,0.00 (0.00 %),0,15.1,15.10,15.10
2018-01-19,14.70,-0.40 (-2.65 %),8539,15.20,15.30,14.70
2018-01-22,15.60,0.70 (4.70 %),27159,15.3,15.60,15.30
2018-01-23,16.30,0.90 (5.84 %),30509,15.80,17.00,15.70
2018-01-24,17.20,1.20 (7.50 %),52000,16.1,17.30,16.10
2018-01-25,15.90,-1.10 (-6.47 %),17500,17.00,17.00,15.90
2018-01-26,15.40,-0.80 (-4.94 %),23040,15.9,15.90,15.00
2018-01-29,15.50,0.10 (0.65 %),46300,15.10,15.60,14.60
2018-01-30,15.90,0.90 (6.00 %),5600,15.5,16.40,15.50
2018-01-31,15.20,-0.60 (-3.80 %),7710,15.50,15.50,15.20
2018-02-01,14.80,-0.60 (-3.90 %),32900,15.3,15.30,14.00
2018-02-02,15.00,0.30 (2.04 %),9000,14.70,15.30,14.70
2018-02-05,15.70,0.80 (5.37 %),61565,15.2,15.80,15.20
2018-02-06,15.40,-0.20 (-1.28 %),83800,15.60,15.60,14.20
2018-02-07,15.10,0.20 (1.34 %),16500,15.0,15.40,15.00
2018-02-08,15.10,0.00 (0.00 %),12800,15.10,15.30,15.10
2018-02-09,14.80,-0.30 (-1.99 %),14440,15.0,15.00,14.60
2018-02-12,15.40,0.60 (4.05 %),5100,14.80,15.40,14.80
2018-02-13,16.10,1.00 (6.62 %),53752,15.4,16.20,15.40
2018-02-21,16.30,0.30 (1.88 %),26147,16.10,16.30,15.70
2018-02-22,16.20,0.20 (1.25 %),26060,16.3,16.60,16.10
2018-02-23,16.60,0.40 (2.47 %),26000,16.90,16.90,16.40
2018-02-26,16.00,-0.70 (-4.19 %),31200,16.6,16.70,16.00
2018-02-27,16.20,-0.30 (-1.82 %),16800,16.30,16.30,15.60
2018-02-28,16.10,0.10 (0.63 %),11800,16.0,16.20,15.30
2018-03-01,16.20,0.30 (1.89 %),13166,16.00,16.30,16.00
2018-03-02,16.10,0.00 (0.00 %),14200,16.2,16.20,15.80
2018-03-05,15.80,-0.30 (-1.86 %),14500,16.00,16.00,15.70
2018-03-06,16.00,0.10 (0.63 %),2700,15.9,16.10,15.90
2018-03-07,16.00,-0.10 (-0.62 %),11300,16.20,16.20,15.80
2018-03-08,15.80,-0.10 (-0.63 %),9700,15.8,16.00,15.80
2018-03-09,15.70,-0.10 (-0.63 %),9700,15.80,16.20,15.60
2018-03-12,15.70,-0.20 (-1.26 %),4200,16.0,16.00,15.50
2018-03-13,15.30,-0.50 (-3.16 %),24600,15.80,15.80,15.30
2018-03-14,15.40,0.00 (0.00 %),13700,15.5,15.50,15.40
2018-03-15,15.30,-0.10 (-0.65 %),37100,15.40,15.40,15.10
2018-03-16,15.40,0.10 (0.65 %),1730,15.3,15.80,15.30
2018-03-19,15.50,-0.10 (-0.64 %),4300,15.60,15.60,15.50
2018-03-20,15.50,0.00 (0.00 %),15010,15.5,15.60,15.50
2018-03-21,15.30,-0.20 (-1.29 %),13200,15.30,15.40,15.20
2018-03-22,15.60,0.30 (1.96 %),300,15.1,15.60,15.10
2018-03-23,14.50,-0.90 (-5.84 %),91000,15.00,15.00,14.10
2018-03-26,14.80,0.60 (4.23 %),5600,14.5,15.00,14.30
2018-03-27,14.90,0.20 (1.36 %),9000,14.80,15.30,14.80
2018-03-28,14.80,-0.30 (-1.99 %),3500,15.1,15.10,14.80
2018-03-29,15.00,0.00 (0.00 %),17800,15.20,15.20,14.20
2018-03-30,15.30,0.80 (5.52 %),35300,15.1,15.30,14.30
2018-04-02,15.50,0.90 (6.16 %),23500,15.00,15.50,15.00
2018-04-03,15.40,0.10 (0.65 %),19200,15.0,15.40,14.90
2018-04-04,15.30,0.30 (2.00 %),8800,14.90,15.30,14.80
2018-04-05,14.90,-0.20 (-1.32 %),16900,15.2,15.40,14.90
2018-04-06,15.10,0.00 (0.00 %),12730,15.00,15.10,14.60
2018-04-09,14.10,-0.70 (-4.73 %),26600,14.8,15.00,13.60
2018-04-10,13.50,-1.10 (-7.53 %),83520,14.00,14.50,12.50
2018-04-11,14.00,0.70 (5.26 %),4600,13.6,14.50,13.60
2018-04-12,14.30,0.00 (0.00 %),35100,14.10,14.40,14.00
2018-04-13,14.00,-0.20 (-1.41 %),20320,13.9,14.00,13.50
2018-04-16,13.90,0.20 (1.46 %),3700,14.30,14.30,13.40
2018-04-17,13.70,-0.10 (-0.72 %),13100,13.8,13.80,13.60
2018-04-18,13.70,0.00 (0.00 %),9400,13.50,13.70,13.50
2018-04-19,13.40,-0.20 (-1.47 %),12000,13.6,13.60,13.40
2018-04-20,13.70,0.20 (1.48 %),10700,13.50,13.80,13.50
2018-04-23,13.30,-0.30 (-2.21 %),5790,13.6,13.60,13.30
2018-04-24,13.40,0.00 (0.00 %),200,13.50,13.50,13.40
2018-04-26,13.00,-0.50 (-3.70 %),21500,13.2,13.50,13.00
2018-04-27,13.20,0.10 (0.76 %),6600,13.00,13.20,12.80
2018-05-02,12.90,-0.10 (-0.77 %),25000,13.5,14.20,11.10
2018-05-03,12.50,-0.10 (-0.79 %),23900,12.70,12.70,12.00
2018-05-07,11.50,-1.10 (-8.73 %),31200,12.5,12.50,11.50
2018-05-08,10.00,-1.70 (-14.53 %),134000,11.50,11.70,10.00
2018-05-09,9.40,-1.20 (-11.32 %),98600,10.6,10.60,9.30
2018-05-10,9.00,-0.60 (-6.25 %),56170,9.10,9.50,8.60
2018-05-11,9.10,0.10 (1.11 %),29810,9.0,9.20,8.50
2018-05-14,9.50,0.50 (5.56 %),27448,9.20,9.70,9.10
2018-05-15,9.50,0.00 (0.00 %),10076,9.7,9.70,9.40
2018-05-16,9.60,0.00 (0.00 %),16445,9.70,9.70,9.50
2018-05-17,9.50,-0.10 (-1.04 %),39400,9.6,9.60,9.50
2018-05-18,9.20,-0.30 (-3.16 %),12190,10.00,10.00,9.10
2018-05-21,9.30,0.20 (2.20 %),1210,9.6,9.60,9.10
2018-05-22,8.50,-0.80 (-8.60 %),21646,9.10,9.10,8.50
2018-05-23,8.80,-0.10 (-1.12 %),16000,8.8,9.00,8.80
2018-05-24,8.70,-0.20 (-2.25 %),13810,8.90,8.90,8.70
2018-05-25,8.40,-0.30 (-3.45 %),3100,8.5,8.50,8.40
2018-05-28,8.00,-0.40 (-4.76 %),10090,8.40,8.50,7.90
2018-05-29,8.30,0.00 (0.00 %),4745,8.0,8.30,7.80
2018-05-30,7.50,-0.50 (-6.25 %),6400,8.00,8.00,7.50
2018-05-31,7.90,0.10 (1.28 %),9000,8.0,8.00,7.90
2018-06-01,7.80,-0.10 (-1.27 %),9560,8.00,8.00,7.80
2018-06-04,7.50,-0.40 (-5.06 %),37437,7.8,7.90,6.80
2018-06-05,7.50,0.20 (2.74 %),17553,8.00,8.00,6.60
2018-06-06,7.90,0.70 (9.72 %),26793,7.5,7.90,7.50
2018-06-07,7.90,0.00 (0.00 %),12661,7.80,8.00,7.60
2018-06-08,7.80,-0.10 (-1.27 %),9421,7.9,7.90,7.70
2018-06-11,7.80,-0.10 (-1.27 %),29272,7.90,8.20,7.80
2018-06-12,7.90,0.00 (0.00 %),3040,7.9,7.90,7.90
2018-06-13,7.80,-0.10 (-1.27 %),20580,7.50,7.90,7.50
2018-06-14,7.70,0.20 (2.67 %),4400,7.9,8.00,7.70
2018-06-15,7.80,-0.10 (-1.27 %),13800,7.70,7.80,7.50
2018-06-18,7.00,-0.50 (-6.67 %),5000,7.5,7.50,7.00
2018-06-19,7.40,0.30 (4.23 %),4500,7.10,7.40,7.10
2018-06-20,7.30,0.20 (2.82 %),2600,7.1,7.40,7.10
2018-06-21,7.00,-0.30 (-4.11 %),4020,7.10,7.10,7.00
2018-06-22,7.20,0.20 (2.86 %),9100,7.1,7.50,7.00
2018-06-25,7.20,0.00 (0.00 %),2900,7.20,7.40,7.20
2018-06-26,7.10,-0.10 (-1.39 %),10060,7.2,7.20,7.10
2018-06-27,7.20,0.00 (0.00 %),4824,7.20,7.30,7.20
2018-06-28,7.20,0.00 (0.00 %),1200,7.1,7.30,7.10
2018-06-29,7.30,0.10 (1.39 %),10730,7.10,7.30,7.10
2018-07-02,7.10,-0.10 (-1.39 %),2630,7.2,7.20,6.90
2018-07-03,7.00,0.00 (0.00 %),18318,7.10,7.10,6.80
2018-07-04,7.00,0.10 (1.45 %),5542,6.9,7.00,6.90
2018-07-05,6.70,-0.20 (-2.90 %),2900,6.90,6.90,6.70
2018-07-06,6.80,0.00 (0.00 %),4815,6.5,6.90,6.50
2018-07-09,6.60,-0.20 (-2.94 %),14600,7.00,7.10,6.40
2018-07-10,6.90,0.00 (0.00 %),22600,7.0,7.00,6.80
2018-07-11,6.70,-0.20 (-2.90 %),8315,7.00,7.00,6.70
2018-07-12,6.80,0.00 (0.00 %),4100,7.0,7.00,6.80
2018-07-13,6.70,-0.20 (-2.90 %),5107,6.90,6.90,6.70
2018-07-16,6.80,-0.10 (-1.45 %),4800,6.9,6.90,6.80
2018-07-17,6.80,0.00 (0.00 %),4300,6.60,6.80,6.60
2018-07-18,6.80,0.00 (0.00 %),10410,6.7,6.80,6.60
2018-07-19,6.70,0.00 (0.00 %),20400,6.70,6.70,6.70
2018-07-20,6.90,0.20 (2.99 %),27800,6.8,7.00,6.60
2018-07-23,7.80,1.00 (14.71 %),48345,7.00,7.80,7.00
2018-07-24,8.10,0.30 (3.85 %),25400,8.0,8.80,7.80
2018-07-25,7.80,-0.30 (-3.70 %),13200,8.00,8.10,7.60
2018-07-26,7.40,-0.40 (-5.13 %),14800,7.3,7.40,6.80
2018-07-27,7.00,-0.10 (-1.41 %),16300,7.30,7.30,7.00
2018-07-30,7.00,-0.10 (-1.41 %),19200,7.1,7.10,6.90
2018-07-31,6.90,-0.10 (-1.43 %),7600,7.00,7.10,7.10
2018-08-01,7.00,0.00 (0.00 %),22400,7.1,7.10,6.70
2018-08-02,6.80,0.00 (0.00 %),8860,6.80,6.90,6.70
2018-08-03,6.80,0.00 (0.00 %),11000,6.9,7.20,6.80
2018-08-06,7.00,0.10 (1.45 %),14800,7.10,7.10,6.90
2018-08-07,7.00,0.00 (0.00 %),8300,7.0,7.10,7.00
2018-08-08,7.10,0.10 (1.43 %),3302,7.10,7.10,7.00
2018-08-09,7.10,0.00 (0.00 %),14100,7.1,7.10,7.10
2018-08-10,7.10,0.00 (0.00 %),23000,7.10,7.10,7.00
2018-08-13,7.10,0.00 (0.00 %),15900,7.0,7.20,7.00
2018-08-14,7.20,0.10 (1.41 %),5601,7.10,7.30,7.10
2018-08-15,7.20,0.00 (0.00 %),41500,7.2,7.20,7.10
2018-08-16,7.20,0.00 (0.00 %),7800,7.20,7.20,7.20
2018-08-17,7.50,0.30 (4.17 %),8400,7.2,7.50,7.20
2018-08-20,7.40,0.00 (0.00 %),11940,7.40,7.40,7.20
2018-08-21,7.20,0.00 (0.00 %),5207,7.2,7.20,7.20
2018-08-22,7.20,0.00 (0.00 %),9203,7.20,7.20,7.20
2018-08-23,7.30,0.10 (1.39 %),14800,7.2,7.30,7.20
2018-08-24,7.40,0.20 (2.78 %),9200,7.50,7.50,7.20
2018-08-27,7.50,0.10 (1.35 %),38449,7.4,7.50,7.30
2018-08-28,7.80,0.40 (5.41 %),29401,7.40,7.80,7.40
2018-08-29,8.70,1.10 (14.47 %),118560,7.8,8.70,7.80
2018-08-30,9.80,1.20 (13.95 %),40319,9.40,9.80,9.40
2018-08-31,11.20,1.40 (14.29 %),100059,11.2,11.20,10.50
2018-09-04,12.80,1.60 (14.29 %),256705,11.50,12.80,11.20
2018-09-05,14.60,1.90 (14.96 %),214510,14.0,14.60,14.00
2018-09-06,12.50,-2.10 (-14.38 %),166857,16.70,16.70,12.50
2018-09-07,12.00,-2.10 (-14.89 %),9600,12.0,12.00,12.00
2018-09-10,10.20,-1.80 (-15.00 %),163753,10.20,11.00,10.20
2018-09-11,10.60,0.40 (3.92 %),65070,9.0,11.60,9.00
2018-09-12,10.50,-0.10 (-0.94 %),58730,11.00,11.70,9.70
2018-09-13,9.90,-0.40 (-3.88 %),52220,10.3,10.30,9.90
2018-09-14,9.70,0.10 (1.04 %),165455,9.50,10.60,9.10
2018-09-17,10.00,0.40 (4.17 %),32490,10.3,10.40,9.60
2018-09-18,10.40,0.40 (4.00 %),29200,10.00,10.40,9.80
2018-09-19,10.20,0.00 (0.00 %),68700,10.1,10.20,9.60
2018-09-20,9.90,0.10 (1.02 %),33320,10.20,10.30,9.70
2018-09-21,10.10,0.30 (3.06 %),34700,10.0,10.30,9.70
2018-09-24,9.80,-0.20 (-2.00 %),18200,10.10,10.10,9.70
2018-09-25,9.60,-0.20 (-2.04 %),27330,9.7,10.00,9.60
2018-09-26,9.70,0.00 (0.00 %),23050,9.90,9.90,9.60
2018-09-27,9.90,0.10 (1.02 %),48330,9.9,9.90,9.80
2018-09-28,9.80,-0.10 (-1.01 %),19800,9.80,9.90,9.80
2018-10-01,9.70,-0.10 (-1.02 %),23411,10.0,10.00,9.70
2018-10-02,9.70,-0.10 (-1.02 %),6520,9.70,9.70,9.50
2018-10-03,9.50,-0.20 (-2.06 %),30940,9.7,9.70,9.50
2018-10-04,9.50,-0.10 (-1.04 %),9900,9.70,9.70,9.50
2018-10-05,9.70,0.20 (2.11 %),10460,9.6,10.00,9.50
2018-10-08,9.40,-0.30 (-3.09 %),27200,9.60,9.60,9.40
2018-10-09,9.50,0.00 (0.00 %),13900,9.8,10.00,9.30
2018-10-10,9.80,0.40 (4.26 %),10900,9.50,9.80,9.50
2018-10-11,9.00,-0.70 (-7.22 %),46300,9.5,9.60,8.50
2018-10-12,9.50,0.30 (3.26 %),24300,9.00,9.70,9.00
2018-10-15,9.60,0.30 (3.23 %),1539,9.3,9.60,9.20
2018-10-16,9.20,-0.20 (-2.13 %),9100,9.30,9.40,9.20
2018-10-17,9.40,0.00 (0.00 %),8400,9.3,9.40,9.30
2018-10-18,9.00,-0.40 (-4.26 %),9400,9.40,9.40,9.00
2018-10-19,9.40,0.30 (3.30 %),15540,9.1,9.60,9.00
2018-10-22,9.00,-0.30 (-3.23 %),19900,9.30,9.60,9.00
2018-10-23,8.80,-0.40 (-4.35 %),14654,9.3,9.30,8.80
2018-10-24,8.60,-0.40 (-4.44 %),11020,9.00,9.00,8.60
2018-10-25,8.50,-0.30 (-3.41 %),37820,8.5,8.50,8.40
2018-10-26,8.60,0.10 (1.18 %),8500,8.30,8.80,8.30
2018-10-29,8.40,-0.20 (-2.33 %),16000,8.4,8.50,8.40
2018-10-30,8.90,0.50 (5.95 %),3800,8.60,8.90,8.50
2018-10-31,9.00,0.20 (2.27 %),2000,9.0,9.00,9.00
2018-11-01,8.60,-0.40 (-4.44 %),1800,8.00,8.70,8.00
2018-11-02,9.00,0.40 (4.65 %),1000,8.9,9.00,8.90
2018-11-05,9.10,0.20 (2.25 %),2810,8.90,9.10,8.80
2018-11-06,9.00,0.00 (0.00 %),6206,9.0,9.00,8.80
2018-11-07,8.90,0.00 (0.00 %),3600,8.80,9.10,8.80
2018-11-08,8.80,-0.10 (-1.12 %),2610,9.1,9.10,8.80
2018-11-09,8.70,-0.20 (-2.25 %),6800,8.80,9.00,8.10
2018-11-12,8.30,-0.40 (-4.60 %),1840,8.4,8.40,8.30
2018-11-13,9.50,1.20 (14.46 %),28100,9.00,9.50,8.60
2018-11-14,10.40,1.30 (14.29 %),74728,9.7,10.40,9.70
2018-11-15,10.30,0.00 (0.00 %),39813,11.00,11.50,10.00
2018-11-16,10.60,-0.10 (-0.93 %),30090,11.0,11.00,10.00
2018-11-19,9.50,-0.90 (-8.65 %),19009,10.00,10.00,9.00
2018-11-20,9.40,-0.10 (-1.05 %),13200,9.3,9.60,9.10
2018-11-21,9.10,-0.20 (-2.15 %),30703,9.50,9.50,8.90
2018-11-22,9.90,0.80 (8.79 %),20112,9.0,9.90,9.00
2018-11-23,9.50,-0.10 (-1.04 %),2510,9.60,9.80,9.40
2018-11-26,9.50,0.00 (0.00 %),6100,9.5,9.50,9.40
2018-11-27,9.60,0.20 (2.13 %),27420,9.40,9.90,9.40
2018-11-28,9.70,0.00 (0.00 %),5310,9.6,9.70,9.40
2018-11-29,9.70,0.20 (2.11 %),8410,9.80,9.80,9.50
2018-11-30,9.60,0.00 (0.00 %),4700,9.7,9.70,9.60
2018-12-03,9.70,0.10 (1.04 %),2000,9.60,9.70,9.50
2018-12-04,9.50,-0.10 (-1.04 %),5600,9.5,9.50,9.30
2018-12-05,9.60,0.20 (2.13 %),1700,9.30,9.60,9.30
2018-12-06,9.50,-0.10 (-1.04 %),2100,9.6,9.60,9.30
2018-12-07,9.50,0.10 (1.06 %),4110,9.30,9.50,9.30
2018-12-10,9.50,0.00 (0.00 %),2100,9.5,9.50,9.50
2018-12-11,9.40,-0.10 (-1.05 %),2500,9.50,9.50,9.30
2018-12-12,9.40,0.00 (0.00 %),4103,9.4,9.40,9.40
2018-12-13,9.60,0.20 (2.13 %),4000,9.50,9.60,9.40
2018-12-14,9.50,0.00 (0.00 %),400,9.5,9.50,9.50
2018-12-17,9.50,0.00 (0.00 %),100,9.50,9.50,9.50
2018-12-18,9.30,-0.20 (-2.11 %),5600,9.2,9.40,9.20
2018-12-19,9.30,0.00 (0.00 %),6950,9.30,9.40,9.30
2018-12-20,9.20,-0.10 (-1.08 %),1700,9.1,9.20,9.10
2018-12-21,9.20,0.00 (0.00 %),2310,9.10,9.20,9.10
2018-12-24,9.20,0.10 (1.10 %),1957,9.4,9.40,9.20
2018-12-25,9.20,-0.10 (-1.08 %),9200,9.40,9.40,9.10
2018-12-26,9.20,0.00 (0.00 %),10200,9.2,9.20,9.20
2018-12-27,9.40,0.20 (2.17 %),11900,9.50,9.70,9.40
2018-12-28,9.30,-0.20 (-2.11 %),3100,9.3,9.40,9.30
2019-01-02,9.30,0.00 (0.00 %),800,9.50,9.50,9.30
2019-01-03,9.30,-0.10 (-1.06 %),600,9.3,9.30,9.30
2019-01-04,9.30,0.00 (0.00 %),4111,9.30,9.40,9.20
2019-01-07,9.40,0.10 (1.08 %),3800,9.4,9.40,9.30
2019-01-08,9.10,-0.30 (-3.19 %),1200,9.50,9.50,9.10
2019-01-09,9.10,-0.10 (-1.09 %),3000,9.4,9.40,9.10
2019-01-10,9.30,0.10 (1.09 %),200,9.40,9.40,9.30
2019-01-11,9.10,-0.30 (-3.19 %),4100,9.3,9.30,9.10
2019-01-14,9.10,-0.10 (-1.09 %),3400,9.40,9.40,9.10
2019-01-15,8.90,-0.20 (-2.20 %),5000,9.1,9.10,8.90
2019-01-16,9.00,0.10 (1.12 %),4211,9.20,9.20,9.00
2019-01-17,9.10,0.00 (0.00 %),1500,9.3,9.30,9.10
2019-01-18,9.00,-0.20 (-2.17 %),3710,9.00,9.00,9.00
2019-01-21,9.20,0.20 (2.22 %),5200,9.2,9.20,9.20
2019-01-22,9.30,0.10 (1.09 %),5700,9.20,9.30,9.20
2019-01-23,9.10,-0.20 (-2.15 %),13400,9.1,9.10,8.70
2019-01-24,8.70,-0.10 (-1.14 %),8220,9.10,9.10,8.70
2019-01-25,9.10,0.30 (3.41 %),10200,8.8,9.10,8.80
2019-01-28,9.00,0.10 (1.12 %),11600,8.90,9.00,8.70
2019-01-29,9.10,0.30 (3.41 %),19000,9.0,9.20,8.90
2019-01-30,9.00,-0.10 (-1.10 %),1600,9.20,9.30,9.00
2019-01-31,9.20,0.10 (1.10 %),4700,9.1,9.20,9.10
2019-02-01,9.20,0.00 (0.00 %),4310,9.20,9.40,9.20
2019-02-11,9.30,0.00 (0.00 %),13920,9.5,9.60,9.30
2019-02-12,9.20,-0.30 (-3.16 %),8400,9.30,9.50,9.20
2019-02-13,9.10,-0.20 (-2.15 %),6167,9.2,9.20,9.00
2019-02-14,9.10,0.10 (1.11 %),2300,9.40,9.40,9.10
2019-02-15,9.20,0.00 (0.00 %),200,9.2,9.20,9.20
2019-02-18,9.20,0.00 (0.00 %),1100,9.20,9.20,9.20
2019-02-19,9.40,0.20 (2.17 %),25040,9.2,9.90,9.20
2019-02-20,9.60,0.10 (1.05 %),100,9.60,9.60,9.60
2019-02-21,9.50,-0.10 (-1.04 %),16807,9.5,9.50,9.50
2019-02-22,9.40,-0.10 (-1.05 %),5900,9.50,9.50,9.30
2019-02-25,9.50,0.10 (1.06 %),4400,9.4,9.50,9.40
2019-02-26,9.40,0.00 (0.00 %),6965,9.40,9.40,9.40
2019-02-27,9.80,0.40 (4.26 %),370,9.7,9.80,9.70
2019-02-28,9.40,-0.40 (-4.08 %),1500,9.40,9.40,9.40
2019-03-01,9.60,0.20 (2.13 %),8600,9.4,9.60,9.40
2019-03-04,9.40,-0.10 (-1.05 %),14590,9.40,9.40,9.30
2019-03-05,9.40,0.00 (0.00 %),2201,9.5,9.50,9.40
2019-03-06,9.40,0.00 (0.00 %),4420,9.40,9.50,9.40
2019-03-07,9.40,0.00 (0.00 %),5800,9.4,9.40,9.30
2019-03-08,9.20,-0.20 (-2.13 %),8990,9.50,9.50,9.20
2019-03-11,9.30,0.00 (0.00 %),24905,9.5,9.90,9.30
2019-03-12,9.10,-0.20 (-2.15 %),10300,9.30,9.30,9.10
2019-03-13,9.20,0.00 (0.00 %),7816,9.2,9.30,9.10
2019-03-14,9.20,0.00 (0.00 %),1500,9.20,9.20,9.20
2019-03-15,9.00,-0.20 (-2.17 %),5300,9.1,9.10,9.00
2019-03-18,9.40,0.30 (3.30 %),16531,9.20,9.40,9.20
2019-03-19,9.30,0.00 (0.00 %),11000,9.4,9.60,9.30
2019-03-20,9.20,-0.20 (-2.13 %),700,9.30,9.30,9.20
2019-03-21,9.20,0.00 (0.00 %),3500,9.5,9.50,9.20
2019-03-22,9.20,0.00 (0.00 %),1300,9.00,9.20,9.00
2019-03-25,9.00,-0.10 (-1.10 %),29500,9.0,9.00,8.90
2019-03-26,9.10,0.10 (1.11 %),13310,9.10,9.20,9.10
2019-03-27,9.30,0.10 (1.09 %),20600,9.3,9.40,9.20
2019-03-28,9.00,-0.30 (-3.23 %),7002,9.20,9.20,9.00
2019-03-29,9.20,0.10 (1.10 %),12900,9.9,9.90,9.00
2019-04-01,10.50,1.30 (14.13 %),103513,9.30,10.50,9.30
2019-04-02,10.00,0.20 (2.04 %),68900,10.5,10.60,9.90
2019-04-03,9.70,-0.50 (-4.90 %),12605,10.20,10.20,8.80
2019-04-04,9.40,-0.30 (-3.09 %),24500,9.4,9.70,9.40
2019-04-05,9.80,0.30 (3.16 %),9800,9.60,9.90,9.60
2019-04-08,9.70,0.00 (0.00 %),26700,9.7,10.00,9.60
2019-04-09,9.60,-0.10 (-1.03 %),26100,9.70,9.80,9.60
2019-04-10,9.60,0.00 (0.00 %),10300,9.7,9.80,9.50
2019-04-11,9.80,0.20 (2.08 %),3500,9.60,9.80,9.20
2019-04-12,9.60,0.00 (0.00 %),4800,9.7,9.70,9.50
2019-04-16,9.70,0.10 (1.04 %),30230,9.60,9.70,9.40
2019-04-17,9.50,0.00 (0.00 %),4100,9.4,9.60,9.40
2019-04-18,9.50,0.00 (0.00 %),3500,9.50,9.50,9.50
2019-04-19,9.50,0.00 (0.00 %),21600,9.6,9.60,9.20
2019-04-22,9.50,0.10 (1.06 %),10000,9.50,9.50,9.50
2019-04-23,9.60,0.10 (1.05 %),400,9.7,9.70,9.60
2019-04-24,9.70,0.00 (0.00 %),10410,9.60,9.70,9.60
2019-04-25,9.40,-0.20 (-2.08 %),16900,9.7,9.70,9.40
2019-04-26,9.50,0.00 (0.00 %),7514,9.60,9.60,9.30
2019-05-02,9.50,0.00 (0.00 %),5800,9.5,9.50,9.40
2019-05-03,9.40,-0.10 (-1.05 %),5516,9.50,9.50,9.40
2019-05-06,9.40,0.00 (0.00 %),24500,9.4,9.40,9.40
2019-05-07,9.40,0.00 (0.00 %),3630,9.40,9.40,9.40
2019-05-08,9.30,-0.10 (-1.06 %),22600,9.2,9.30,9.20
2019-05-09,9.40,0.10 (1.08 %),1600,9.30,9.40,9.30
2019-05-10,9.30,0.00 (0.00 %),2900,9.4,9.40,9.30
2019-05-13,9.50,0.10 (1.06 %),19220,9.40,9.50,9.40
2019-05-14,9.30,-0.10 (-1.06 %),28705,9.4,9.40,9.30
2019-05-15,9.50,0.10 (1.06 %),3000,9.60,9.60,9.50
2019-05-16,9.40,-0.20 (-2.08 %),11100,9.4,9.40,9.30
2019-05-17,9.40,0.10 (1.08 %),12410,9.50,9.50,9.40
2019-05-20,9.30,-0.10 (-1.06 %),13000,9.3,9.40,9.30
2019-05-21,9.50,0.20 (2.15 %),1200,9.40,9.50,9.40
2019-05-22,9.30,-0.10 (-1.06 %),32000,9.4,9.40,9.30
2019-05-23,9.30,0.00 (0.00 %),3220,9.40,9.40,9.30
2019-05-24,9.50,0.10 (1.06 %),7541,9.3,9.50,9.30
2019-05-27,9.30,-0.20 (-2.11 %),11553,9.40,9.40,9.30
2019-05-28,9.20,-0.10 (-1.08 %),12500,9.3,9.30,9.20
2019-05-29,9.30,0.00 (0.00 %),9700,9.30,9.30,9.30
2019-05-30,9.30,0.00 (0.00 %),9020,9.4,9.50,9.30
2019-05-31,9.50,0.10 (1.06 %),9760,9.50,9.70,9.50
2019-06-03,9.30,-0.30 (-3.12 %),13700,9.6,9.60,9.30
2019-06-04,9.60,0.30 (3.23 %),11820,9.70,10.20,9.50
2019-06-05,9.60,-0.10 (-1.03 %),810,9.6,9.60,9.60
2019-06-06,9.60,0.00 (0.00 %),11610,9.90,9.90,9.60
2019-06-07,9.60,0.00 (0.00 %),600,9.5,9.60,9.50
2019-06-10,9.60,0.00 (0.00 %),2530,9.30,9.60,9.30
2019-06-11,9.90,0.40 (4.21 %),58100,9.5,10.10,9.50
2019-06-12,9.70,-0.20 (-2.02 %),11570,10.00,10.00,9.70
2019-06-13,10.00,0.10 (1.01 %),22900,9.7,10.00,9.70
2019-06-14,10.30,0.40 (4.04 %),40500,10.30,10.30,9.90
2019-06-17,10.70,0.60 (5.94 %),75910,10.3,10.80,10.30
2019-06-18,10.50,-0.20 (-1.87 %),34820,10.90,11.00,10.30
2019-06-19,10.60,0.10 (0.95 %),45000,10.4,10.60,10.20
2019-06-20,11.40,1.00 (9.62 %),79360,10.60,11.60,10.60
2019-06-21,11.00,-0.10 (-0.90 %),27371,11.5,11.50,11.00
2019-06-24,11.10,0.00 (0.00 %),32520,11.00,11.50,10.80
2019-06-25,10.10,0.00 (0.00 %),14710,11.0,11.00,10.00
2019-06-26,9.70,-0.60 (-5.83 %),37410,10.00,10.00,9.40
2019-06-27,9.00,-0.60 (-6.25 %),43100,9.4,9.60,9.00
2019-06-28,8.90,-0.30 (-3.26 %),32410,9.00,9.00,8.80
2019-07-01,9.50,0.50 (5.56 %),21458,9.1,9.60,9.10
2019-07-02,9.50,0.10 (1.06 %),11900,9.60,9.60,9.40
2019-07-03,9.20,-0.20 (-2.13 %),8400,9.6,9.60,9.20
2019-07-04,9.30,0.00 (0.00 %),3510,9.20,9.50,9.10
2019-07-05,9.30,0.00 (0.00 %),8167,9.3,9.40,9.10
2019-07-08,9.40,0.20 (2.17 %),4548,9.40,9.40,9.20
2019-07-09,9.70,0.40 (4.30 %),24927,9.4,9.70,9.40
2019-07-10,10.90,1.40 (14.74 %),112995,9.80,10.90,9.80
2019-07-11,11.40,0.60 (5.56 %),72000,11.0,11.60,10.70
2019-07-12,11.10,-0.10 (-0.89 %),43500,11.40,11.40,10.80
2019-07-15,11.20,0.10 (0.90 %),14901,10.6,11.20,10.60
2019-07-16,11.00,0.10 (0.92 %),16703,10.90,11.20,10.80
2019-07-17,10.90,0.00 (0.00 %),3800,10.7,10.90,10.60
2019-07-18,10.70,0.00 (0.00 %),7700,10.80,11.00,10.70
2019-07-19,10.60,-0.30 (-2.75 %),20600,10.8,10.80,10.10
2019-07-22,10.90,0.50 (4.81 %),92701,10.80,11.80,10.80
2019-07-23,10.90,-0.30 (-2.68 %),29620,11.0,11.00,10.50
2019-07-24,10.80,0.00 (0.00 %),14750,10.80,10.80,10.40
2019-07-25,10.60,0.00 (0.00 %),29920,10.4,10.70,10.20
2019-07-26,10.20,-0.20 (-1.92 %),34300,10.20,10.40,10.00
2019-07-29,9.80,-0.40 (-3.92 %),22441,10.0,10.10,9.80
2019-07-30,9.70,-0.20 (-2.02 %),17300,9.90,9.90,9.60
2019-07-31,9.80,0.10 (1.03 %),5400,9.7,9.90,9.60
2019-08-01,10.40,0.70 (7.22 %),15503,9.80,10.50,9.80
2019-08-02,10.00,-0.30 (-2.91 %),12900,9.9,10.00,9.90
2019-08-05,10.00,0.00 (0.00 %),26500,10.00,10.10,9.90
2019-08-06,10.40,0.40 (4.00 %),35420,10.0,10.70,10.00
2019-08-07,11.20,0.80 (7.69 %),60617,10.50,11.40,10.40
2019-08-08,10.80,0.00 (0.00 %),57100,11.2,11.60,10.60
2019-08-09,10.70,-0.50 (-4.46 %),64000,10.90,10.90,10.20
2019-08-12,10.50,0.10 (0.96 %),12710,10.4,10.70,10.20
2019-08-13,10.30,0.00 (0.00 %),18830,10.50,10.50,10.10
2019-08-14,10.60,0.40 (3.92 %),28217,10.2,11.00,10.10
2019-08-15,10.30,0.00 (0.00 %),4900,10.30,10.50,10.30
2019-08-16,10.30,0.00 (0.00 %),6301,10.2,10.30,10.20
2019-08-19,10.40,0.10 (0.97 %),19600,10.30,10.80,10.20
2019-08-20,10.50,-0.10 (-0.94 %),10217,10.4,10.50,10.30
2019-08-21,10.30,-0.20 (-1.90 %),44801,10.70,10.70,10.20
2019-08-22,10.40,0.10 (0.97 %),16120,10.2,10.40,10.20
2019-08-23,10.10,-0.20 (-1.94 %),35100,10.60,10.60,9.90
2019-08-26,10.00,-0.10 (-0.99 %),4420,10.0,11.60,9.90
2019-08-27,10.00,0.00 (0.00 %),10500,10.00,10.20,8.50
2019-08-28,9.70,-0.30 (-3.00 %),37110,9.9,9.90,9.40
2019-08-29,9.80,0.10 (1.03 %),10800,9.70,9.80,9.50
2019-08-30,9.70,0.00 (0.00 %),5000,9.7,9.70,9.70
2019-09-03,10.00,0.30 (3.09 %),8550,9.70,10.00,9.70
2019-09-04,9.70,-0.10 (-1.02 %),9600,9.8,9.80,9.70
2019-09-05,9.90,0.20 (2.06 %),1700,9.90,9.90,9.90
2019-09-06,9.70,-0.20 (-2.02 %),1600,9.8,9.80,9.70
2019-09-09,9.70,0.00 (0.00 %),19130,9.70,9.70,9.70
2019-09-10,9.50,-0.20 (-2.06 %),8900,9.7,9.70,9.50
2019-09-11,9.50,-0.10 (-1.04 %),2800,9.70,9.70,9.50
2019-09-12,9.70,0.10 (1.04 %),1540,9.6,9.70,9.60
2019-09-13,9.60,0.00 (0.00 %),440,9.60,9.60,9.60
2019-09-16,10.00,0.40 (4.17 %),7534,9.8,10.00,9.70
2019-09-17,9.70,-0.20 (-2.02 %),3300,9.90,10.00,9.70
2019-09-18,9.90,0.10 (1.02 %),3040,9.9,9.90,9.90
2019-09-19,9.80,-0.10 (-1.01 %),7710,9.80,9.80,9.80
2019-09-20,9.60,-0.20 (-2.04 %),19600,9.7,9.80,9.60
2019-09-23,9.50,-0.20 (-2.06 %),63300,9.80,9.80,9.50
2019-09-24,9.60,-0.10 (-1.03 %),2120,9.6,9.60,9.50
2019-09-25,9.40,-0.20 (-2.08 %),58834,9.60,9.70,9.30
2019-09-26,9.60,0.00 (0.00 %),6350,9.6,9.60,9.60
2019-09-27,9.50,-0.10 (-1.04 %),5100,9.60,11.00,8.20
2019-09-30,9.50,0.10 (1.06 %),6500,9.4,9.60,9.40
2019-10-01,9.50,0.00 (0.00 %),5700,9.40,9.50,9.40
2019-10-02,9.50,0.00 (0.00 %),2421,9.4,9.50,9.40
2019-10-03,9.30,-0.10 (-1.06 %),4500,9.40,9.40,9.20
2019-10-04,9.40,0.10 (1.08 %),1900,9.4,9.40,9.40
2019-10-07,9.30,-0.10 (-1.06 %),3200,9.30,9.30,9.20
2019-10-08,9.20,-0.10 (-1.08 %),2115,9.4,9.40,9.20
2019-10-09,9.40,0.00 (0.00 %),1100,9.30,9.40,9.30
2019-10-10,9.30,0.00 (0.00 %),1100,9.4,9.40,9.30
2019-10-11,9.30,-0.10 (-1.06 %),3000,9.40,9.40,9.30
2019-10-14,9.40,0.00 (0.00 %),11600,9.3,9.40,9.30
2019-10-15,9.40,0.00 (0.00 %),4400,9.40,9.40,9.30
2019-10-16,9.30,-0.10 (-1.06 %),3300,9.4,9.40,9.30
2019-10-17,9.30,0.00 (0.00 %),100,9.30,9.30,9.30
2019-10-18,9.30,0.00 (0.00 %),1380,9.3,9.30,9.30
2019-10-21,10.60,1.30 (13.98 %),79375,9.20,10.60,9.20
2019-10-22,10.90,0.60 (5.83 %),116152,11.6,11.80,10.60
2019-10-23,10.20,-0.80 (-7.27 %),12157,11.00,11.00,10.10
2019-10-24,10.40,0.00 (0.00 %),24016,10.1,10.70,10.10
2019-10-25,10.50,0.20 (1.94 %),9310,10.00,10.50,10.00
2019-10-28,10.00,-0.30 (-2.91 %),29187,10.3,10.30,10.00
2019-10-29,10.00,-0.10 (-0.99 %),6700,9.90,10.40,9.70
2019-10-30,9.80,-0.40 (-3.92 %),7238,9.8,10.20,9.70
2019-10-31,10.10,0.30 (3.06 %),3100,9.70,10.10,9.70
2019-11-01,9.70,-0.20 (-2.02 %),24410,10.0,10.00,9.60
2019-11-04,9.50,-0.30 (-3.06 %),3355,9.80,9.80,9.50
2019-11-05,10.00,0.40 (4.17 %),34400,9.6,10.00,9.60
2019-11-06,9.80,-0.20 (-2.00 %),4170,10.00,10.00,9.70
2019-11-07,9.70,-0.10 (-1.02 %),24800,9.8,9.80,9.70
2019-11-08,10.00,0.20 (2.04 %),1500,9.70,10.00,9.70
2019-11-11,9.70,-0.10 (-1.02 %),6250,9.7,9.70,9.60
2019-11-12,9.90,0.20 (2.06 %),8200,9.80,10.00,9.80
2019-11-13,9.80,-0.20 (-2.00 %),4600,9.8,9.80,9.80
2019-11-14,9.70,-0.10 (-1.02 %),2701,9.80,9.80,9.70
2019-11-15,9.70,0.00 (0.00 %),4200,9.7,9.70,9.70
2019-11-18,9.60,-0.10 (-1.03 %),17200,9.70,9.70,9.60
2019-11-19,9.60,0.00 (0.00 %),1000,9.6,9.60,9.60
2019-11-20,9.80,0.20 (2.08 %),26601,9.60,9.80,9.50
2019-11-21,9.70,0.10 (1.04 %),1100,9.6,9.70,9.60
2019-11-22,9.60,0.00 (0.00 %),1367,9.60,9.60,9.60
2019-11-25,9.60,0.00 (0.00 %),2900,9.6,9.60,9.60
2019-11-26,9.90,0.30 (3.13 %),1500,9.90,9.90,9.90
2019-11-27,9.80,-0.10 (-1.01 %),1900,9.8,9.90,9.80
2019-11-28,10.00,0.20 (2.04 %),9905,9.50,10.00,9.50
2019-11-29,10.00,0.10 (1.01 %),1425,10.0,10.00,10.00
2019-12-02,10.00,0.00 (0.00 %),0,10.00,10.00,10.00
2019-12-03,9.90,-0.10 (-1.00 %),28037,9.8,9.90,9.80
2019-12-04,9.70,-0.10 (-1.02 %),3100,9.90,9.90,9.70
2019-12-05,9.80,0.00 (0.00 %),2600,9.8,9.80,9.80
2019-12-06,9.60,-0.20 (-2.04 %),9800,9.80,9.80,9.60
2019-12-09,9.70,0.00 (0.00 %),100,9.7,9.70,9.70
2019-12-10,9.80,0.10 (1.03 %),1710,9.80,9.80,9.80
2019-12-11,9.80,0.00 (0.00 %),4212,9.8,9.80,9.80
2019-12-12,9.90,0.10 (1.02 %),5900,9.90,9.90,9.90
2019-12-13,9.80,-0.10 (-1.01 %),3003,9.9,9.90,9.80
2019-12-16,9.90,0.00 (0.00 %),1517,9.90,9.90,9.90
2019-12-17,9.90,0.00 (0.00 %),12100,9.9,9.90,9.90
2019-12-18,9.90,0.00 (0.00 %),8400,9.90,10.00,9.90
2019-12-19,9.90,0.00 (0.00 %),10600,9.9,9.90,9.90
2019-12-20,9.80,-0.10 (-1.01 %),1100,9.80,9.80,9.70
2019-12-23,10.70,0.90 (9.18 %),300,10.6,10.70,10.60
2019-12-24,9.90,-0.70 (-6.60 %),1000,9.80,9.90,9.80
2019-12-25,9.80,0.00 (0.00 %),0,9.8,9.80,9.80
2019-12-26,9.80,0.00 (0.00 %),1700,9.90,9.90,9.80
2019-12-27,9.90,0.10 (1.02 %),2100,9.8,9.90,9.80
2019-12-30,10.20,0.30 (3.03 %),100,10.20,10.20,10.20
2019-12-31,9.80,-0.40 (-3.92 %),300,9.8,9.80,9.80
2020-01-02,9.70,-0.10 (-1.02 %),3600,9.80,9.80,9.70
2020-01-03,9.70,0.00 (0.00 %),2500,9.7,9.80,9.70
2020-01-06,10.60,0.90 (9.28 %),16005,9.90,10.60,9.90
2020-01-07,9.80,-0.70 (-6.67 %),200,9.8,9.80,9.80
2020-01-08,9.70,-0.10 (-1.02 %),38100,9.90,9.90,9.70
2020-01-09,9.80,0.10 (1.03 %),10800,9.7,9.80,9.70
2020-01-10,9.80,0.00 (0.00 %),0,9.80,9.80,9.80
2020-01-13,9.80,0.00 (0.00 %),4700,9.8,9.80,9.80
2020-01-14,9.70,-0.10 (-1.02 %),3210,9.80,9.80,9.70
2020-01-15,9.80,0.00 (0.00 %),100,9.8,9.80,9.80
2020-01-16,9.70,-0.10 (-1.02 %),2900,9.80,9.80,9.70
2020-01-17,9.70,0.00 (0.00 %),3030,9.7,9.70,9.70
2020-01-20,9.70,0.00 (0.00 %),22100,9.70,9.80,9.70
2020-01-21,9.80,0.00 (0.00 %),5500,10.7,10.70,9.80
2020-01-22,10.00,0.10 (1.01 %),1300,10.00,10.00,10.00
2020-01-30,9.90,-0.10 (-1.00 %),140000,9.8,10.00,9.70
2020-01-31,9.70,0.00 (0.00 %),7100,9.80,9.80,9.70
2020-02-03,9.70,0.00 (0.00 %),27200,9.7,9.70,9.00
2020-02-04,9.60,0.30 (3.23 %),8741,9.40,9.60,9.40
2020-02-05,9.60,0.20 (2.13 %),13605,9.5,9.60,9.50
2020-02-06,9.60,0.00 (0.00 %),3800,9.60,9.60,9.60
2020-02-07,9.80,0.20 (2.08 %),5200,9.8,10.00,9.80
2020-02-10,9.40,-0.40 (-4.08 %),4320,9.60,9.60,9.40
2020-02-11,9.50,0.00 (0.00 %),5300,9.5,9.50,9.40
2020-02-12,9.70,0.30 (3.19 %),29400,9.40,9.70,9.20
2020-02-13,9.80,0.50 (5.38 %),100,9.8,9.80,9.80
2020-02-14,9.50,-0.30 (-3.06 %),4100,9.40,9.50,9.40
2020-02-17,9.50,0.00 (0.00 %),7900,9.5,9.50,9.50
2020-02-18,9.40,-0.10 (-1.05 %),3000,9.40,9.40,9.40
2020-02-19,9.50,0.10 (1.06 %),2700,9.4,9.50,9.40
2020-02-20,9.40,0.00 (0.00 %),2600,9.50,9.70,9.40
2020-02-21,9.60,0.10 (1.05 %),2000,9.4,9.60,9.40
2020-02-24,9.50,0.00 (0.00 %),7230,9.60,9.60,9.40
2020-02-25,9.50,0.00 (0.00 %),1617,9.5,9.50,9.40
2020-02-26,9.50,0.00 (0.00 %),2100,9.40,9.50,9.40
2020-02-27,9.50,0.00 (0.00 %),11500,9.5,9.50,9.40
2020-02-28,9.40,0.00 (0.00 %),5700,9.40,9.40,9.20
2020-03-02,9.40,0.10 (1.08 %),1000,9.4,9.40,9.40
2020-03-03,9.40,0.00 (0.00 %),3500,9.40,9.40,9.40
2020-03-04,9.50,0.10 (1.06 %),14000,9.4,9.50,9.30
2020-03-05,9.60,0.20 (2.13 %),7909,9.50,9.70,9.50
2020-03-06,9.60,0.00 (0.00 %),18100,9.3,9.60,8.50
2020-03-09,9.00,-0.40 (-4.26 %),35800,9.40,9.40,9.00
2020-03-10,9.20,0.00 (0.00 %),2750,9.0,9.20,9.00
2020-03-12,8.80,-0.20 (-2.22 %),26905,9.00,9.00,8.70
2020-03-13,8.80,-0.10 (-1.12 %),13400,8.8,8.80,8.60
2020-03-16,8.80,0.10 (1.15 %),500,8.80,8.80,8.80
2020-03-17,8.50,-0.30 (-3.41 %),25505,8.9,8.90,8.50
2020-03-18,8.90,0.10 (1.14 %),11800,8.70,8.90,8.60
2020-03-19,8.80,0.10 (1.15 %),7400,8.8,8.80,8.80
2020-03-20,8.80,0.00 (0.00 %),12705,8.80,8.80,8.80
2020-03-23,8.10,-0.70 (-7.95 %),12510,8.8,8.80,8.10
2020-03-24,8.60,0.10 (1.18 %),200,8.60,8.60,8.60
2020-03-25,8.70,0.10 (1.16 %),5400,8.7,8.70,7.80
2020-03-26,8.60,0.40 (4.88 %),600,8.60,8.60,8.60
2020-03-27,8.50,-0.10 (-1.16 %),2100,8.3,8.60,8.30
2020-03-30,8.10,-0.50 (-5.81 %),7310,8.40,8.40,8.00
2020-03-31,7.90,-0.30 (-3.66 %),4000,8.2,8.20,7.90
2020-04-01,8.20,0.10 (1.23 %),5500,8.00,8.20,7.90
2020-04-03,9.00,0.90 (11.11 %),3100,8.1,9.00,8.10
2020-04-06,8.80,0.70 (8.64 %),8310,8.30,8.80,8.30
2020-04-07,8.80,0.30 (3.53 %),35300,8.8,8.80,8.60
2020-04-08,8.90,0.20 (2.30 %),10105,8.60,8.90,8.60
2020-04-09,9.50,0.80 (9.20 %),16000,8.9,9.50,8.80
2020-04-10,9.50,0.40 (4.40 %),3300,9.10,9.50,9.10
2020-04-13,9.30,0.00 (0.00 %),3100,9.3,9.30,9.30
2020-04-14,9.40,0.10 (1.08 %),3300,9.30,9.40,9.30
2020-04-15,9.10,-0.20 (-2.15 %),5500,9.1,9.10,9.10
2020-04-16,9.30,0.20 (2.20 %),300,9.10,9.30,9.10
2020-04-17,9.40,0.20 (2.17 %),3800,9.5,9.60,9.40
2020-04-20,9.40,-0.10 (-1.05 %),11900,9.10,9.50,9.10
2020-04-21,9.50,0.20 (2.15 %),34000,9.5,9.70,9.40
2020-04-22,9.60,0.00 (0.00 %),16810,9.60,9.70,9.60
2020-04-23,9.70,0.10 (1.04 %),3800,9.7,9.70,9.60
2020-04-24,9.70,0.00 (0.00 %),1450,9.70,9.70,9.70
2020-04-27,9.60,-0.10 (-1.03 %),7000,9.7,9.70,9.50
2020-04-28,9.70,0.10 (1.04 %),17700,9.70,9.70,9.60
2020-04-29,9.60,-0.10 (-1.03 %),400,9.6,9.60,9.60
2020-05-04,9.70,0.10 (1.04 %),8810,9.80,9.80,9.50
2020-05-05,9.70,0.00 (0.00 %),4800,9.6,9.70,9.60
2020-05-06,9.60,0.00 (0.00 %),9400,9.60,9.60,9.60
2020-05-07,9.50,-0.10 (-1.04 %),15100,9.6,9.60,9.40
2020-05-08,9.50,0.00 (0.00 %),6300,9.40,9.50,9.30
2020-05-11,9.70,0.30 (3.19 %),3620,9.9,9.90,9.60
2020-05-12,10.50,0.80 (8.25 %),52380,9.90,10.90,9.90
2020-05-13,10.50,-0.10 (-0.94 %),6900,10.5,10.50,10.50
2020-05-14,10.50,0.00 (0.00 %),4215,10.50,10.50,9.60
2020-05-15,10.50,0.20 (1.94 %),17000,10.3,10.50,9.90
2020-05-18,10.00,-0.50 (-4.76 %),4750,10.50,10.50,10.00
2020-05-19,10.30,-0.10 (-0.96 %),1248,10.5,10.50,10.30
2020-05-20,10.30,0.00 (0.00 %),4600,10.30,10.50,10.30
2020-05-21,10.30,-0.10 (-0.96 %),810,10.3,10.30,10.30
2020-05-22,10.30,0.00 (0.00 %),6000,10.20,10.30,10.10
2020-05-25,10.20,0.00 (0.00 %),1030,10.2,10.50,10.20
2020-05-26,10.20,0.00 (0.00 %),6600,10.50,10.50,10.20
2020-05-27,10.30,0.00 (0.00 %),2310,10.0,10.30,10.00
2020-05-28,10.40,0.10 (0.97 %),4510,10.20,10.40,10.10
2020-05-29,10.10,-0.10 (-0.98 %),7015,10.2,10.20,10.10
2020-06-01,10.20,0.00 (0.00 %),2020,10.10,10.50,10.10
2020-06-02,10.10,-0.10 (-0.98 %),1309,10.2,10.20,10.10
2020-06-03,10.20,0.00 (0.00 %),7515,10.40,10.40,10.20
2020-06-04,10.20,0.00 (0.00 %),22720,10.2,10.50,10.20
2020-06-05,10.20,0.00 (0.00 %),11770,10.20,10.20,10.20
2020-06-08,10.40,0.20 (1.96 %),5426,10.3,10.40,10.30
2020-06-09,10.30,0.00 (0.00 %),30500,10.30,10.80,10.30
2020-06-10,10.40,0.00 (0.00 %),1050,10.4,10.40,10.40
2020-06-11,10.40,0.00 (0.00 %),7600,10.40,10.40,10.40
2020-06-12,10.30,-0.10 (-0.96 %),14900,10.5,10.50,10.20
2020-06-15,10.30,0.00 (0.00 %),47058,10.30,10.30,10.20
2020-06-16,10.20,0.00 (0.00 %),0,10.2,10.20,10.20
2020-06-17,10.20,0.00 (0.00 %),3801,10.30,10.30,10.20
2020-06-18,10.20,0.00 (0.00 %),4000,10.2,10.20,10.20
2020-06-19,10.30,0.10 (0.98 %),100,10.30,10.30,10.30
2020-06-22,10.40,0.10 (0.97 %),1159,10.5,10.50,10.40
2020-06-23,10.30,-0.20 (-1.90 %),8000,10.30,10.30,10.30
2020-06-24,10.30,0.00 (0.00 %),2500,10.3,10.30,10.30
2020-06-25,10.40,0.10 (0.97 %),1000,10.30,10.40,10.30
2020-06-26,10.40,0.00 (0.00 %),20300,10.4,10.50,10.40
2020-06-29,10.40,0.00 (0.00 %),7701,10.40,10.40,10.40
2020-06-30,10.30,-0.10 (-0.96 %),5431,10.4,10.40,10.30
2020-07-01,10.40,0.00 (0.00 %),5200,10.40,10.40,10.40
2020-07-02,10.80,0.40 (3.85 %),14320,10.4,10.90,10.40
2020-07-03,10.80,0.10 (0.93 %),4210,11.00,11.00,10.80
2020-07-06,10.60,-0.30 (-2.75 %),15100,10.8,10.90,10.60
2020-07-07,10.50,-0.30 (-2.78 %),32410,10.70,10.70,10.50
2020-07-08,10.00,0.40 (4.17 %),15100,9.8,10.50,9.00
2020-07-09,10.20,0.30 (3.03 %),2900,10.00,10.20,9.90
2020-07-10,10.00,0.00 (0.00 %),14300,10.0,10.20,9.60
2020-07-13,9.90,-0.20 (-1.98 %),2020,9.90,9.90,9.90
2020-07-14,9.90,0.00 (0.00 %),5300,9.8,10.00,9.80
2020-07-15,9.90,0.00 (0.00 %),17400,10.00,10.00,9.90
2020-07-16,9.70,-0.20 (-2.02 %),1000,9.8,9.80,9.70
2020-07-17,9.80,0.00 (0.00 %),19620,9.80,9.80,9.80
2020-07-20,9.80,0.00 (0.00 %),2401,9.7,9.80,9.70
2020-07-21,9.70,0.00 (0.00 %),0,9.70,9.70,9.70
2020-07-22,11.00,1.30 (13.40 %),40130,9.9,11.00,9.90
2020-07-23,10.60,-0.20 (-1.85 %),18806,11.00,11.00,10.60
2020-07-24,10.30,-0.60 (-5.50 %),14900,11.0,11.00,10.30
2020-07-27,9.70,-0.90 (-8.49 %),22300,10.40,10.40,9.20
2020-07-28,9.80,0.30 (3.16 %),50400,9.5,10.00,9.50
2020-07-29,9.80,0.20 (2.08 %),4120,9.70,9.80,9.50
2020-07-30,9.80,0.10 (1.03 %),17200,9.8,9.90,9.80
2020-07-31,9.90,0.10 (1.02 %),28300,9.60,10.10,9.60
2020-08-03,10.00,0.10 (1.01 %),13700,9.8,10.20,9.80
2020-08-04,10.10,0.00 (0.00 %),19500,10.20,10.40,9.80
2020-08-05,10.00,-0.10 (-0.99 %),28200,10.2,10.20,10.00
2020-08-06,10.30,0.20 (1.98 %),24400,10.00,10.40,10.00
2020-08-07,10.20,0.00 (0.00 %),12400,10.2,10.40,10.20
2020-08-10,10.60,0.40 (3.92 %),40808,10.40,11.60,10.20
2020-08-11,10.50,0.10 (0.96 %),15310,10.4,10.50,10.20
2020-08-12,10.80,0.60 (5.88 %),51900,10.30,10.90,10.10
2020-08-13,11.90,1.50 (14.42 %),114615,10.8,11.90,10.80
2020-08-14,13.20,1.70 (14.78 %),123510,12.50,13.20,12.50
2020-08-17,14.10,1.00 (7.63 %),115428,14.5,15.00,13.10
2020-08-18,13.30,-0.80 (-5.67 %),79960,14.30,14.30,13.20
2020-08-19,13.60,0.10 (0.74 %),42555,13.0,13.70,13.00
2020-08-20,13.60,0.00 (0.00 %),43933,13.60,13.60,12.30
2020-08-21,13.40,0.00 (0.00 %),23890,13.4,13.50,13.20
2020-08-24,14.90,1.60 (12.03 %),182970,13.40,15.10,13.40
2020-08-25,14.00,-0.30 (-2.10 %),54901,14.8,14.80,14.00
2020-08-26,14.00,-0.30 (-2.10 %),27221,14.20,14.20,13.70
2020-08-27,14.00,0.10 (0.72 %),42785,13.9,14.60,13.80
2020-08-28,14.00,-0.10 (-0.71 %),25700,14.10,14.10,13.50
2020-08-31,13.80,-0.10 (-0.72 %),48900,13.8,14.00,13.70
2020-09-01,13.60,-0.30 (-2.16 %),69960,13.90,13.90,13.60
2020-09-03,13.50,-0.30 (-2.17 %),20541,13.6,13.60,13.50
2020-09-04,13.40,-0.20 (-1.47 %),37113,13.00,13.50,13.00
2020-09-07,13.70,0.50 (3.79 %),19210,13.3,13.80,13.30
2020-09-08,13.40,-0.20 (-1.47 %),18460,13.60,13.60,11.60
2020-09-09,13.30,-0.10 (-0.75 %),29763,13.6,13.60,13.00
2020-09-10,13.30,0.20 (1.53 %),27940,13.30,13.50,13.20
2020-09-11,13.40,0.00 (0.00 %),7910,13.3,13.40,13.30
2020-09-14,13.50,0.20 (1.50 %),45040,13.20,13.90,13.20
2020-09-15,13.20,0.00 (0.00 %),37410,13.6,13.60,13.20
2020-09-16,13.30,0.00 (0.00 %),310,13.40,13.40,13.30
2020-09-17,13.60,0.30 (2.26 %),29973,13.3,13.90,13.30
2020-09-18,13.70,0.00 (0.00 %),27200,13.70,13.80,13.70
2020-09-21,13.30,-0.40 (-2.92 %),7726,13.6,13.60,13.30
2020-09-22,13.20,-0.40 (-2.94 %),18624,13.40,13.40,13.20
2020-09-23,13.30,0.00 (0.00 %),19120,13.2,13.30,13.20
2020-09-24,12.80,-0.50 (-3.76 %),51446,13.10,13.10,12.70
2020-09-25,12.60,-0.30 (-2.33 %),68421,12.9,12.90,12.40
2020-09-28,13.20,0.60 (4.76 %),31620,12.70,13.20,12.60
2020-09-29,12.90,0.00 (0.00 %),19134,13.0,13.20,12.90
2020-09-30,12.90,-0.10 (-0.77 %),36520,12.70,12.90,12.70
2020-10-01,13.00,0.20 (1.56 %),25700,13.1,13.20,13.00
2020-10-02,12.80,-0.30 (-2.29 %),24850,12.90,13.20,12.80
2020-10-05,13.60,0.70 (5.43 %),53651,13.0,14.50,13.00
2020-10-06,13.80,0.20 (1.47 %),79030,13.70,14.30,13.50
2020-10-07,13.60,-0.20 (-1.45 %),9648,13.8,13.90,13.60
2020-10-08,13.50,-0.30 (-2.17 %),14541,13.70,13.70,13.50
2020-10-09,13.50,-0.10 (-0.74 %),35799,13.5,13.60,13.30
2020-10-12,13.60,0.20 (1.49 %),22533,13.30,14.10,13.30
2020-10-13,13.40,-0.30 (-2.19 %),6300,13.7,13.70,13.40
2020-10-14,13.40,-0.20 (-1.47 %),15000,13.40,13.50,13.40
2020-10-15,13.40,0.00 (0.00 %),35520,13.4,13.40,12.90
2020-10-16,13.30,0.20 (1.53 %),13000,13.30,13.50,13.10
2020-10-19,13.30,0.00 (0.00 %),18239,13.4,13.50,13.20
2020-10-20,13.10,-0.30 (-2.24 %),11200,13.20,13.30,13.10
2020-10-21,13.20,0.00 (0.00 %),21710,13.2,13.40,13.10
2020-10-22,13.10,-0.10 (-0.76 %),16023,13.20,13.20,13.10
2020-10-23,13.10,0.00 (0.00 %),19300,13.1,13.10,13.00
2020-10-26,13.00,-0.10 (-0.76 %),5200,13.10,13.10,12.90
2020-10-27,12.60,-0.40 (-3.08 %),29700,12.9,12.90,12.60
2020-10-28,12.40,-0.40 (-3.13 %),5000,12.70,12.80,12.40
2020-10-29,12.60,0.00 (0.00 %),18500,12.6,12.60,12.30
2020-10-30,12.40,-0.10 (-0.80 %),3800,12.50,12.50,12.40
2020-11-02,13.00,0.60 (4.84 %),11264,12.6,13.00,12.60
2020-11-03,12.80,-0.10 (-0.78 %),7200,12.90,13.00,12.50
2020-11-04,12.90,0.10 (0.78 %),26700,12.8,12.90,12.50
2020-11-05,12.60,0.00 (0.00 %),6140,12.70,12.90,12.60
2020-11-06,12.60,-0.10 (-0.79 %),2200,12.7,12.70,12.60
2020-11-09,13.60,0.90 (7.09 %),49940,12.90,14.20,12.90
2020-11-10,14.90,1.20 (8.76 %),282960,14.0,15.60,13.90
2020-11-11,16.50,2.10 (14.58 %),281802,15.60,16.50,15.60
2020-11-12,18.10,1.70 (10.37 %),166649,17.0,18.70,17.00
2020-11-13,18.10,0.40 (2.26 %),90131,17.80,20.30,16.60
2020-11-16,19.50,1.90 (10.80 %),169700,18.0,19.60,18.00
2020-11-17,19.60,0.60 (3.16 %),116148,19.60,20.00,18.90
2020-11-18,19.30,-0.20 (-1.03 %),64747,19.6,19.70,16.60
2020-11-19,18.20,-0.90 (-4.71 %),87800,18.80,18.80,18.10
2020-11-20,18.00,-0.40 (-2.17 %),58125,18.4,18.50,17.80
2020-11-23,17.60,-0.50 (-2.76 %),87140,18.00,20.80,17.40
2020-11-24,18.50,0.90 (5.11 %),69355,18.5,18.50,17.60
2020-11-25,18.10,0.10 (0.56 %),13210,18.00,18.30,18.00
2020-11-26,17.70,-0.50 (-2.75 %),101703,18.0,18.00,15.50
2020-11-27,17.40,-0.30 (-1.69 %),39150,17.60,18.00,17.20
2020-11-30,17.00,-0.50 (-2.86 %),80893,17.3,17.40,16.80
2020-12-01,17.10,0.20 (1.18 %),64723,16.50,19.40,16.30
2020-12-02,17.80,0.70 (4.09 %),78260,17.1,17.80,17.10
2020-12-03,18.30,0.90 (5.17 %),45316,17.60,18.80,17.60
2020-12-04,18.30,0.00 (0.00 %),55219,18.4,18.40,17.90
2020-12-07,17.70,-0.40 (-2.21 %),42105,18.20,18.20,17.60
2020-12-08,17.40,-0.50 (-2.79 %),32310,17.6,17.90,17.40
2020-12-09,17.50,0.00 (0.00 %),22100,17.50,17.60,17.30
2020-12-10,17.10,-0.40 (-2.29 %),43560,17.3,17.40,17.10
2020-12-11,17.80,0.50 (2.89 %),31399,17.00,18.00,17.00
2020-12-14,17.50,0.10 (0.57 %),19651,17.4,17.90,17.40
2020-12-15,17.60,0.10 (0.57 %),7500,17.50,17.60,17.40
2020-12-16,17.70,0.20 (1.14 %),27300,17.7,17.90,17.60
2020-12-17,17.80,0.00 (0.00 %),7105,17.70,17.80,17.60
2020-12-18,17.40,-0.30 (-1.69 %),18510,17.7,17.70,17.40
2020-12-21,18.10,0.60 (3.43 %),61851,17.40,18.60,17.40
2020-12-22,18.30,0.30 (1.67 %),49300,18.1,18.40,18.00
2020-12-23,18.30,0.20 (1.10 %),26472,18.40,18.50,18.30
2020-12-24,19.60,1.20 (6.52 %),258079,18.2,20.00,17.90
2020-12-25,20.60,2.00 (10.75 %),108865,19.60,21.00,19.60
2020-12-28,20.00,-0.40 (-1.96 %),23000,20.6,20.60,20.00
2020-12-29,18.80,-1.30 (-6.47 %),95440,19.50,19.80,17.10
2020-12-30,18.50,-0.30 (-1.60 %),134510,18.5,19.20,17.90
2020-12-31,18.60,0.20 (1.09 %),38934,18.40,18.80,18.30
2021-01-04,18.60,0.10 (0.54 %),59100,18.6,19.00,18.30
2021-01-05,18.10,-0.50 (-2.69 %),59420,18.60,18.60,18.10
2021-01-06,18.00,-0.30 (-1.64 %),72000,18.3,18.50,17.90
2021-01-07,18.20,0.10 (0.55 %),30110,18.20,18.20,17.90
2021-01-08,18.50,0.50 (2.78 %),51200,18.2,18.50,18.10
2021-01-11,18.70,0.40 (2.19 %),54040,18.50,18.70,18.30
2021-01-12,18.60,0.10 (0.54 %),29605,18.5,18.70,18.30
2021-01-13,18.70,0.20 (1.08 %),51610,18.60,18.70,18.50
2021-01-14,18.50,-0.10 (-0.54 %),40350,18.7,18.70,18.30
2021-01-15,19.30,0.80 (4.32 %),97455,18.50,19.80,18.50
2021-01-18,19.50,0.40 (2.09 %),43950,19.4,19.90,19.40
2021-01-19,18.00,-1.60 (-8.16 %),71060,19.60,19.60,16.70
2021-01-20,17.70,-0.50 (-2.75 %),81536,18.0,18.10,17.20
2021-01-21,18.50,0.80 (4.52 %),34700,18.20,18.50,18.10
2021-01-22,18.00,-0.30 (-1.64 %),71810,18.3,18.30,17.80
2021-01-25,17.80,-0.40 (-2.20 %),32200,17.60,18.20,17.60
2021-01-26,17.20,-0.60 (-3.37 %),85820,17.6,17.60,17.00
2021-01-27,17.00,-0.20 (-1.16 %),61710,17.20,17.70,16.80
2021-01-28,15.00,-2.10 (-12.28 %),224291,16.9,16.90,14.60
2021-01-29,16.90,1.70 (11.18 %),28700,16.40,17.30,15.30
2021-02-01,15.90,-0.40 (-2.45 %),10000,16.0,17.00,15.90
2021-02-02,16.20,-0.10 (-0.61 %),20771,15.60,16.50,15.50
2021-02-03,16.30,0.30 (1.88 %),26610,16.0,16.50,15.60
2021-02-04,16.10,0.10 (0.63 %),13400,16.90,16.90,16.10
2021-02-05,16.00,-0.30 (-1.84 %),49410,16.3,16.30,15.50
2021-02-09,17.00,1.20 (7.59 %),14400,15.80,17.00,15.80
2021-02-17,16.50,0.20 (1.23 %),23532,16.3,16.80,16.00
2021-02-18,16.70,0.30 (1.83 %),24300,16.60,16.70,16.50
2021-02-19,17.00,0.30 (1.80 %),39000,16.7,17.00,16.40
2021-02-22,17.00,0.20 (1.19 %),29800,17.00,17.20,16.90
2021-02-23,17.00,0.00 (0.00 %),18527,17.4,17.40,16.90
2021-02-24,17.00,0.00 (0.00 %),29200,17.00,17.10,16.60
2021-02-25,17.00,0.10 (0.59 %),17500,17.2,17.20,16.80
2021-02-26,17.30,0.40 (2.37 %),37510,16.90,17.30,16.80
2021-03-01,17.20,0.20 (1.18 %),40019,17.0,17.20,17.00
2021-03-02,17.10,0.00 (0.00 %),49005,17.20,17.30,17.00
